Pathway,name,value
Glycolysis,PNPT1,1
Glycolysis,EXOSC4,1
Glycolysis,EXOSC7,1
Glycolysis,SKIC3,1
Glycolysis,SKIC8,1
Glycolysis,DIS3,1
Glycolysis,SKIC2,1
Glycolysis,C1D,1
Glycolysis,EXOSC10,1
Glycolysis,MPHOSPH6,1
Glycolysis,TENT4A,1
Glycolysis,ZCCHC7,1
Glycolysis,MTREX,1
Glycolysis,CNOT1,1
Glycolysis,CNOT2,1
Glycolysis,CNOT3,1
Glycolysis,CNOT4,1
Glycolysis,CNOT6L,1
Glycolysis,CNOT7,1
Glycolysis,CNOT9,1
Glycolysis,CNOT10,1
Glycolysis,DCPS,1
Glycolysis,DCP1B,1
Glycolysis,DCP2,1
Glycolysis,LSM1,1
Glycolysis,LSM2,1
Glycolysis,LSM3,1
Glycolysis,LSM4,1
Glycolysis,LSM5,1
Glycolysis,LSM6,1
Glycolysis,LSM7,1
Glycolysis,LSM8,1
Glycolysis,XRN1,1
Glycolysis,XRN2,1
Glycolysis,DDX6,1
Glycolysis,EDC3,1
Glycolysis,EDC4,1
Glycolysis,PATL1,1
Glycolysis,PNLDC1,1
Glycolysis,HSPA9,1
Glycolysis,HSPD1,1
Glycolysis,DHX36,1
Glycolysis,TOB1,1
Glycolysis,PAN2,1
Glycolysis,PAN3,1
Glycolysis,DIS3L,1
Glycolysis,EXOSC1,1
Glycolysis,EXOSC2,1
Glycolysis,EXOSC9,1
Glycolysis,EXOSC6,1
Glycolysis,EXOSC8,1
Glycolysis,EXOSC5,1
Glycolysis,EXOSC3,1
Glycolysis,HNF1B,1
Glycolysis,BHLHA15,1
Glycolysis,FOXA3,1
Glycolysis,NEUROD1,1
Glycolysis,HNF4G,1
Glycolysis,NKX2-2,1
Glycolysis,HNF1A,1
Glycolysis,IAPP,1
Glycolysis,PAX4,1
Glycolysis,NKX6-1,1
Glycolysis,NR5A2,1
Glycolysis,NEUROG3,1
Glycolysis,MNX1,1
Glycolysis,FOXA2,1
Glycolysis,RFX6,1
Glycolysis,PIP4K2A,1
Glycolysis,INPP5B,1
Glycolysis,IPMK,1
Glycolysis,INPP5J,1
Glycolysis,ITPK1,1
Glycolysis,INPP1,1
Glycolysis,INPP4A,1
Glycolysis,MTM1,1
Glycolysis,ISYNA1,1
Glycolysis,IMPA1,1
Glycolysis,MIOX,1
Glycolysis,PI4KA,1
Glycolysis,PIP5KL1,1
Glycolysis,IPPK,1
Glycolysis,PIKFYVE,1
Glycolysis,CDIPT,1
Glycolysis,PIK3C2A,1
Glycolysis,INPP5F,1
Glycolysis,NCL,1
Glycolysis,BAIAP2L1,1
Glycolysis,NLRP4,1
Glycolysis,RPS3,1
Glycolysis,ABI1,1
Glycolysis,NCKAP1,1
Glycolysis,CYFIP1,1
Glycolysis,TMBIM6,1
Glycolysis,ABCF2,1
Glycolysis,BRK1,1
Glycolysis,SEC24B,1
Glycolysis,TMED10,1
Glycolysis,DDB1,1
Glycolysis,JAK3,1
Glycolysis,MRPS18B,1
Glycolysis,HPN,1
Glycolysis,VDAC3,1
Glycolysis,SNW1,1
Glycolysis,GTF2H1,1
Glycolysis,GTF2E1,1
Glycolysis,SND1,1
Glycolysis,DNAJA3,1
Glycolysis,RASA2,1
Glycolysis,GSN,1
Glycolysis,GTF2A1L,1
Glycolysis,DDX3X,1
Glycolysis,SP100,1
Glycolysis,TLR9,1
Glycolysis,GSDMD,1
Glycolysis,FBXO22,1
Glycolysis,KPNA1,1
Glycolysis,CSE1L,1
Glycolysis,RHOJ,1
Glycolysis,ARHGEF26,1
Glycolysis,WASF3,1
Glycolysis,MYO6,1
Glycolysis,SNX18,1
Glycolysis,DNM2,1
Glycolysis,FHOD1,1
Glycolysis,EXOC4,1
Glycolysis,EXOC5,1
Glycolysis,AHNAK2,1
Glycolysis,RHOB,1
Glycolysis,PODXL,1
Glycolysis,ANXA2,1
Glycolysis,S100A10,1
Glycolysis,RILP,1
Glycolysis,FYCO1,1
Glycolysis,DYNLL2,1
Glycolysis,PLEKHM2,1
Glycolysis,PLEKHM1,1
Glycolysis,VPS39,1
Glycolysis,STX10,1
Glycolysis,GCC2,1
Glycolysis,M6PR,1
Glycolysis,ACBD3,1
Glycolysis,ARL8A,1
Lactate-Shuttle,SLC6A11,1
Lactate-Shuttle,SLC6A1,1
Lactate-Shuttle,KCNJ6,1
Lactate-Shuttle,GPHN,1
Lactate-Shuttle,NSF,1
Lactate-Shuttle,TRAK2,1
Lactate-Shuttle,PLCL1,1
Lactate-Shuttle,SLC12A5,1
Lactate-Shuttle,STX1B,1
Lactate-Shuttle,CPLX2,1
Lactate-Shuttle,RAB3A,1
Lactate-Shuttle,VAMP2,1
Lactate-Shuttle,SNAP25,1
Lactate-Shuttle,NAPA,1
Lactate-Shuttle,SYT1,1
Lactate-Shuttle,STXBP1,1
Lactate-Shuttle,UNC13B,1
Lactate-Shuttle,FFAR1,1
Lactate-Shuttle,TRPM4,1
Lactate-Shuttle,RAPGEF4,1
Lactate-Shuttle,RIMS2,1
Lactate-Shuttle,GPR119,1
Lactate-Shuttle,PCLO,1
Lactate-Shuttle,AQP9,1
Lactate-Shuttle,SLC4A2,1
Lactate-Shuttle,SLCO1B1,1
Lactate-Shuttle,EPHX1,1
Lactate-Shuttle,SLC10A1,1
Lactate-Shuttle,ABCB11,1
Lactate-Shuttle,ABCC2,1
Lactate-Shuttle,ABCC3,1
Lactate-Shuttle,NR1H4,1
Lactate-Shuttle,SLC22A7,1
Lactate-Shuttle,SLC22A1,1
Lactate-Shuttle,SLC10A2,1
Lactate-Shuttle,ABCB4,1
Lactate-Shuttle,AQP8,1
Lactate-Shuttle,NR0B2,1
Lactate-Shuttle,CYP3A4,1
Lactate-Shuttle,SULT2A1,1
Lactate-Shuttle,SLC51A,1
Lactate-Shuttle,SLC51B,1
Lactate-Shuttle,AQP4,1
Lactate-Shuttle,ABCG2,1
Lactate-Shuttle,SLC4A5,1
Lactate-Shuttle,KCNN2,1
Lactate-Shuttle,TRRAP,1
Lactate-Shuttle,XPO1,1
Lactate-Shuttle,RAN,1
Lactate-Shuttle,RANBP3,1
Lactate-Shuttle,CCNB2,1
Lactate-Shuttle,MAD2L1,1
Lactate-Shuttle,IL15,1
Lactate-Shuttle,IL15RA,1
Lactate-Shuttle,LTA,1
Lactate-Shuttle,TNFRSF13C,1
Lactate-Shuttle,MAP2K4,1
Lactate-Shuttle,GPS2,1
Lactate-Shuttle,XIAP,1
Lactate-Shuttle,NFYB,1
Lactate-Shuttle,MSX1,1
Lactate-Shuttle,MIR133A1,1
Lactate-Shuttle,BCL2L2,1
Lactate-Shuttle,MIRLET7A1,1
Lactate-Shuttle,MIR126,1
Lactate-Shuttle,MIR15A,1
Lactate-Shuttle,MIR107,1
Lactate-Shuttle,MIR17,1
Lactate-Shuttle,MIR29A,1
Lactate-Shuttle,DNMT3A,1
Lactate-Shuttle,MIR1-1,1
Lactate-Shuttle,MIR125A,1
Lactate-Shuttle,MIR21,1
Lactate-Shuttle,MIR221,1
Lactate-Shuttle,MIR222,1
Lactate-Shuttle,MIR145,1
Lactate-Shuttle,MIR200C,1
Lactate-Shuttle,MIR100,1
Lactate-Shuttle,FSCN1,1
Lactate-Shuttle,MIR203B,1
Lactate-Shuttle,MIR99A,1
Lactate-Shuttle,TP63,1
Lactate-Shuttle,MIR143,1
Lactate-Shuttle,MIR23A,1
Lactate-Shuttle,MIR27A,1
Lactate-Shuttle,MIR27B,1
Lactate-Shuttle,MIR31,1
Lactate-Shuttle,ST14,1
Lactate-Shuttle,CYP1B1,1
Lactate-Shuttle,MIR192,1
Lactate-Shuttle,MIR194-1,1
Lactate-Shuttle,PDCD4,1
Lactate-Shuttle,MIR215,1
Lactate-Shuttle,MIR28,1
Lactate-Shuttle,MIR30A,1
Lactate-Shuttle,MIRLET7C,1
Lactate-Shuttle,MIR155,1
Lactate-Shuttle,MIR10B,1
Lactate-Shuttle,MIR224,1
Lactate-Shuttle,MIR602,1
Lactate-Shuttle,MIR494,1
Lactate-Shuttle,MIR615,1
Lactate-Shuttle,MIR199B,1
Lactate-Shuttle,MIR20A,1
Lactate-Shuttle,MIR324,1
Lactate-Shuttle,MIR363,1
Lactate-Shuttle,MIR625,1
Lactate-Shuttle,MIR23C,1
Lactate-Shuttle,MIR122,1
Lactate-Shuttle,MIR125B1,1
Lactate-Shuttle,MIR92A1,1
Lactate-Shuttle,MIR150,1
Lactate-Shuttle,MIR223,1
Lactate-Shuttle,MIR342,1
Lactate-Shuttle,STMN1,1
Lactate-Shuttle,MIR25,1
Lactate-Shuttle,MIR34A,1
Lactate-Shuttle,MIR96,1
Lactate-Shuttle,HOXD10,1
Lactate-Shuttle,PAK4,1
Lactate-Shuttle,MIR483,1
Lactate-Shuttle,PIM1,1
Lactate-Shuttle,HDAC5,1
Lactate-Shuttle,FOXP1,1
Lactate-Shuttle,MIR141,1
Lactate-Shuttle,TGFB2,1
Lactate-Shuttle,MIR183,1
Lactate-Shuttle,TIMP3,1
Lactate-Shuttle,MIR205,1
Lactate-Shuttle,MIR375,1
Lactate-Shuttle,SPRY2,1
Lactate-Shuttle,SERPINB5,1
Lactate-Shuttle,CYP24A1,1
Lactate-Shuttle,SLC7A1,1
Lactate-Shuttle,CCNG1,1
Lactate-Shuttle,MIR423,1
Lactate-Shuttle,MIR26A1,1
Lactate-Shuttle,MIR152,1
Lactate-Shuttle,MIR135A1,1
Lactate-Shuttle,MIR18A,1
Lactate-Shuttle,MIR200A,1
Lactate-Shuttle,PIK3R1,1
Lactate-Shuttle,MIR124-1,1
Lactate-Shuttle,MIR137,1
Lactate-Shuttle,MIR128-1,1
Lactate-Shuttle,E2F3,1
Lactate-Shuttle,MIR7-1,1
Lactate-Shuttle,MIR326,1
Lactate-Shuttle,MIR146A,1
Lactate-Shuttle,MMP16,1
Lactate-Shuttle,RECK,1
Lactate-Shuttle,ZEB2,1
Lactate-Shuttle,MIR106B,1
Lactate-Shuttle,MIR32,1
Lactate-Shuttle,MIR330,1
Lactate-Shuttle,MIR373,1
Lactate-Shuttle,E2F2,1
Lactate-Shuttle,VIM,1
Lactate-Shuttle,MARCKS,1
Lactate-Shuttle,MIR449A,1
Lactate-Shuttle,MIR101-1,1
Lactate-Shuttle,MIR331,1
Lactate-Shuttle,EZH2,1
Lactate-Shuttle,WNT3,1
Lactate-Shuttle,CDCA5,1
Lactate-Shuttle,KIF23,1
Lactate-Shuttle,ZFPM2,1
Lactate-Shuttle,UBE2I,1
Lactate-Shuttle,MIR181A2,1
Lactate-Shuttle,MIR335,1
Lactate-Shuttle,SOX4,1
Lactate-Shuttle,TNC,1
Lactate-Shuttle,MIR206,1
Lactate-Shuttle,MIR520E,1
Lactate-Shuttle,MIR103B1,1
Lactate-Shuttle,DICER1,1
Lactate-Shuttle,RDX,1
Lactate-Shuttle,MIR193B,1
Lactate-Shuttle,MIR451A,1
Lactate-Shuttle,MIR345,1
Lactate-Shuttle,ABCC1,1
Lactate-Shuttle,IGF2BP1,1
Lactate-Shuttle,TRIM71,1
Lactate-Shuttle,MIR34B,1
Lactate-Shuttle,MIR34C,1
Lactate-Shuttle,MIR214,1
Lactate-Shuttle,MIR9-1,1
Lactate-Shuttle,MIR199A1,1
Lactate-Shuttle,MIR210,1
Lactate-Shuttle,MIR19A,1
Lactate-Shuttle,MIR195,1
Lactate-Shuttle,MIR129-1,1
Lactate-Shuttle,FGFR3,1
Lactate-Shuttle,MDM4,1
Lactate-Shuttle,SHC1,1
Lactate-Shuttle,SHC4,1
Lactate-Shuttle,BMF,1
Lactate-Shuttle,MIR520C,1
Glutamate-Receptors,MAS1,1
Glutamate-Receptors,MCHR1,1
Glutamate-Receptors,TACR3,1
Glutamate-Receptors,TACR2,1
Glutamate-Receptors,KISS1R,1
Glutamate-Receptors,NR3C1,1
Glutamate-Receptors,TSPO,1
Glutamate-Receptors,TRPV1,1
Glutamate-Receptors,GLRA1,1
Glutamate-Receptors,P2RX2,1
Glutamate-Receptors,PRLHR,1
Glutamate-Receptors,NPBWR1,1
Glutamate-Receptors,MLNR,1
Glutamate-Receptors,GPR156,1
Glutamate-Receptors,VIPR1,1
Glutamate-Receptors,PTH1R,1
Glutamate-Receptors,GIPR,1
Glutamate-Receptors,CALCRL,1
Glutamate-Receptors,CYSLTR1,1
Glutamate-Receptors,RXFP2,1
Glutamate-Receptors,LTB4R,1
Glutamate-Receptors,MTNR1A,1
Glutamate-Receptors,TRHR,1
Glutamate-Receptors,GNRHR,1
Glutamate-Receptors,PTAFR,1
Glutamate-Receptors,ADORA1,1
Glutamate-Receptors,TBXA2R,1
Glutamate-Receptors,PTGIR,1
Glutamate-Receptors,PTGFR,1
Glutamate-Receptors,PTGDR,1
Glutamate-Receptors,FSHR,1
Glutamate-Receptors,NMUR1,1
Glutamate-Receptors,UTS2R,1
Glutamate-Receptors,NPFFR2,1
Glutamate-Receptors,HCRTR1,1
Glutamate-Receptors,F2R,1
Glutamate-Receptors,GALR1,1
Glutamate-Receptors,OXTR,1
Glutamate-Receptors,AVPR1A,1
Glutamate-Receptors,TACR1,1
Glutamate-Receptors,OPRD1,1
Glutamate-Receptors,NTSR2,1
Glutamate-Receptors,NPY4R2,1
Glutamate-Receptors,APLNR,1
Glutamate-Receptors,FPR1,1
Glutamate-Receptors,C5AR1,1
Glutamate-Receptors,C3AR1,1
Glutamate-Receptors,BDKRB1,1
Glutamate-Receptors,GRPR,1
Glutamate-Receptors,TAAR9,1
Glutamate-Receptors,HTR1A,1
Glutamate-Receptors,HRH3,1
Glutamate-Receptors,ADRA1D,1
Glutamate-Receptors,CHRNA1,1
Glutamate-Receptors,APLN,1
Glutamate-Receptors,GRP,1
Glutamate-Receptors,GAL,1
Glutamate-Receptors,KISS1,1
Glutamate-Receptors,MLN,1
Glutamate-Receptors,NPVF,1
Glutamate-Receptors,NPB,1
Glutamate-Receptors,NTS,1
Glutamate-Receptors,HCRT,1
Glutamate-Receptors,OXT,1
Glutamate-Receptors,CORT,1
Glutamate-Receptors,TAC4,1
Glutamate-Receptors,TAC1,1
Glutamate-Receptors,TAC3,1
Glutamate-Receptors,UTS2,1
Glutamate-Receptors,AVP,1
Glutamate-Receptors,PRLH,1
Glutamate-Receptors,PMCH,1
Glutamate-Receptors,GNRH1,1
Glutamate-Receptors,INSL5,1
Glutamate-Receptors,TRH,1
Glutamate-Receptors,ADM,1
Glutamate-Receptors,UCN3,1
Glutamate-Receptors,PTH2,1
Glutamate-Receptors,VIP,1
Glutamate-Receptors,PATE3,1
Glutamate-Receptors,APELA,1
Glutamate-Receptors,GPHB5,1
Glutamate-Receptors,NPSR1,1
Glutamate-Receptors,NPS,1
Glutamate-Receptors,QRFPR,1
Glutamate-Receptors,QRFP,1
Glutamate-Receptors,SPX,1
Glutamate-Receptors,VGF,1
Glutamate-Receptors,CHRNA6,1
Glutamate-Receptors,CHRNA4,1
Glutamate-Receptors,ARC,1
Glutamate-Receptors,FOSB,1
Glutamate-Receptors,GPSM1,1
Glutamate-Receptors,RGS9,1
Glutamate-Receptors,GRIA2,1
Glutamate-Receptors,FGF14,1
Glutamate-Receptors,RORA,1
Glutamate-Receptors,TWNK,1
Glutamate-Receptors,ATXN8OS,1
Glutamate-Receptors,ATXN10,1
Glutamate-Receptors,BEAN1,1
Glutamate-Receptors,AFG3L2,1
Glutamate-Receptors,OMA1,1
Glutamate-Receptors,OPA1,1
Glutamate-Receptors,KCNC3,1
Glutamate-Receptors,CIC,1
Glutamate-Receptors,PUM2,1
Glutamate-Receptors,KCND3,1
Glutamate-Receptors,NOP56,1
Glutamate-Receptors,DAB1,1
Glutamate-Receptors,RELN,1
Glutamate-Receptors,SLC1A6,1
Glutamate-Receptors,NFYA,1
Glutamate-Receptors,MYOD1,1
Glutamate-Receptors,RAPGEF3,1
Glutamate-Receptors,PPP1R1A,1
Glutamate-Receptors,ATP2B1,1
Glutamate-Receptors,ARAP3,1
Glutamate-Receptors,PLCE1,1
Glutamate-Receptors,CNGB1,1
Glutamate-Receptors,AFDN,1
Glutamate-Receptors,GLI3,1
Glutamate-Receptors,SOX9,1
Glutamate-Receptors,ADCY10,1
Glutamate-Receptors,RRAS2,1
Glutamate-Receptors,FXYD1,1
Glutamate-Receptors,HCN4,1
Glutamate-Receptors,AMH,1
Glutamate-Receptors,MYL9,1
Glutamate-Receptors,MTNR1B,1
Glutamate-Receptors,NOS1AP,1
Glutamate-Receptors,PER1,1
Glutamate-Receptors,GNA12,1
Glutamate-Receptors,SPHK2,1
Glutamate-Receptors,GAB2,1
Glutamate-Receptors,FCER1A,1
Glutamate-Receptors,SLC29A1,1
Glutamate-Receptors,HAT1,1
Glutamate-Receptors,PKIA,1
Glutamate-Receptors,GRID2,1
Glutamate-Receptors,PPP1R17,1
Glutamate-Receptors,DAGLB,1
Glutamate-Receptors,ABHD6,1
Glutamate-Receptors,FAAH,1
Glutamate-Receptors,NAPEPLD,1
Glutamate-Receptors,PDE1A,1
Glutamate-Receptors,CAMK1D,1
Glutamate-Receptors,TPCN2,1
Glutamate-Receptors,CD38,1
Glutamate-Receptors,PLCZ1,1
Glutamate-Receptors,ORAI2,1
Glutamate-Receptors,TNNC2,1
Glutamate-Receptors,CASQ1,1
Glutamate-Receptors,MCOLN2,1
Glutamate-Receptors,APBB1IP,1
Glutamate-Receptors,EVL,1
Glutamate-Receptors,DOCK4,1
Glutamate-Receptors,SIPA1L1,1
Glutamate-Receptors,SIPA1,1
Glutamate-Receptors,RAP1GAP,1
Glutamate-Receptors,MAGI3,1
Glutamate-Receptors,RAPGEF6,1
Glutamate-Receptors,PRKD3,1
Glutamate-Receptors,KRIT1,1
Glutamate-Receptors,FARP2,1
Glutamate-Receptors,MRAS,1
Glutamate-Receptors,RAPGEF5,1
Glutamate-Receptors,SIPA1L2,1
Glutamate-Receptors,SIPA1L3,1
Glutamate-Receptors,CTNND1,1
Glutamate-Receptors,SKAP1,1
Glutamate-Receptors,RGS14,1
Glutamate-Receptors,RGL1,1
Glutamate-Receptors,RGL2,1
Glutamate-Receptors,RIN1,1
Glutamate-Receptors,FOXO4,1
Glutamate-Receptors,NF1,1
Glutamate-Receptors,HTR7,1
Glutamate-Receptors,REL,1
Glutamate-Receptors,BRAP,1
Glutamate-Receptors,SHOC2,1
Glutamate-Receptors,RALGAPA1,1
Glutamate-Receptors,TRPM5,1
Glutamate-Receptors,SCN2A,1
Glutamate-Receptors,PKD1L3,1
Glutamate-Receptors,CALHM1,1
Glutamate-Receptors,SCNN1A,1
Glutamate-Receptors,TAS2R39,1
Glutamate-Receptors,TAS1R1,1
Glutamate-Receptors,P2RY4,1
Glutamate-Receptors,KCNK5,1
Glutamate-Receptors,ASIC2,1
Glutamate-Receptors,PKD2L1,1
Glutamate-Receptors,P2RY1,1
Glutamate-Receptors,P2RX3,1
Glutamate-Receptors,ADCY6,1
Glutamate-Receptors,GNB3,1
Glutamate-Receptors,CSNK1D,1
Glutamate-Receptors,GJA1,1
Glutamate-Receptors,MAP3K2,1
Glutamate-Receptors,HTR2A,1
Glutamate-Receptors,ADRB1,1
Glutamate-Receptors,FCGR1A,1
Glutamate-Receptors,ELANE,1
Glutamate-Receptors,C4A,1
Glutamate-Receptors,C2,1
Glutamate-Receptors,C1S,1
Glutamate-Receptors,C1R,1
Glutamate-Receptors,C6,1
Glutamate-Receptors,C7,1
Glutamate-Receptors,CD80,1
Glutamate-Receptors,TRIM21,1
Glutamate-Receptors,SNRPB,1
Glutamate-Receptors,SNRPD1,1
Glutamate-Receptors,SSB,1
Glutamate-Receptors,GRIN2B,1
Glutamate-Receptors,GPER1,1
Glutamate-Receptors,FKBP4,1
Glutamate-Receptors,OPRM1,1
Glutamate-Receptors,EBAG9,1
Glutamate-Receptors,TFF1,1
Glutamate-Receptors,EWSR1,1
Glutamate-Receptors,FLI1,1
Glutamate-Receptors,ETV1,1
Glutamate-Receptors,ETV4,1
Glutamate-Receptors,FEV,1
Glutamate-Receptors,ATF1,1
Glutamate-Receptors,WT1,1
Glutamate-Receptors,NR4A3,1
Glutamate-Receptors,PAX3,1
Glutamate-Receptors,SS18L1,1
Glutamate-Receptors,SSX1,1
Glutamate-Receptors,ASPSCR1,1
Glutamate-Receptors,ARNT2,1
Glutamate-Receptors,BAIAP3,1
Glutamate-Receptors,TSPAN7,1
Glutamate-Receptors,MLF1,1
Glutamate-Receptors,NUPR1,1
Glutamate-Receptors,NFKBIZ,1
Glutamate-Receptors,ELK4,1
Glutamate-Receptors,DDX5,1
Glutamate-Receptors,RUNX1T1,1
Glutamate-Receptors,ZBTB16,1
Glutamate-Receptors,CEBPE,1
Glutamate-Receptors,BCL2A1,1
Glutamate-Receptors,PER2,1
Glutamate-Receptors,ETV6,1
Glutamate-Receptors,WNT16,1
Glutamate-Receptors,KMT2A,1
Glutamate-Receptors,AFF1,1
Glutamate-Receptors,LMO2,1
Glutamate-Receptors,RUNX2,1
Glutamate-Receptors,HOXA9,1
Glutamate-Receptors,HOXA10,1
Glutamate-Receptors,PBX3,1
Glutamate-Receptors,MEF2C,1
Glutamate-Receptors,KLF3,1
Glutamate-Receptors,JMJD1C,1
Glutamate-Receptors,KDM6A,1
Glutamate-Receptors,SUPT3H,1
Glutamate-Receptors,PROM1,1
Glutamate-Receptors,BMP2K,1
Glutamate-Receptors,CDK14,1
Glutamate-Receptors,MAF,1
Glutamate-Receptors,ITGB7,1
Glutamate-Receptors,PAX5,1
Glutamate-Receptors,MYCN,1
Glutamate-Receptors,CDK9,1
Glutamate-Receptors,MLLT1,1
Glutamate-Receptors,DOT1L,1
Glutamate-Receptors,IL3,1
Glutamate-Receptors,MPO,1
Glutamate-Receptors,DEFA1,1
Glutamate-Receptors,GZMB,1
Glutamate-Receptors,DUSP6,1
Glutamate-Receptors,HOXA11,1
Glutamate-Receptors,SIX1,1
Glutamate-Receptors,SIX4,1
Glutamate-Receptors,EYA1,1
Glutamate-Receptors,GRIA3,1
Glutamate-Receptors,FUT8,1
Glutamate-Receptors,TLX1,1
Glutamate-Receptors,TLX3,1
Glutamate-Receptors,BCL11B,1
Glutamate-Receptors,NSD2,1
Glutamate-Receptors,TAF15,1
Glutamate-Receptors,LDB1,1
Glutamate-Receptors,LYL1,1
Glutamate-Receptors,PTCRA,1
HMP-Shunt-Glutathione,TG,1
HMP-Shunt-Glutathione,SLC5A5,1
HMP-Shunt-Glutathione,SLC26A4,1
HMP-Shunt-Glutathione,DUOX2,1
HMP-Shunt-Glutathione,IYD,1
HMP-Shunt-Glutathione,TTF1,1
HMP-Shunt-Glutathione,TTF2,1
HMP-Shunt-Glutathione,DUOXA2,1
HMP-Shunt-Glutathione,HSP90B1,1
HMP-Shunt-Glutathione,PDIA4,1
HMP-Shunt-Glutathione,LRP2,1
HMP-Shunt-Glutathione,ASGR1,1
HMP-Shunt-Glutathione,ALB,1
HMP-Shunt-Glutathione,TTR,1
HMP-Shunt-Glutathione,SERPINA7,1
HMP-Shunt-Glutathione,CYP2B6,1
HMP-Shunt-Glutathione,CYP2J2,1
HMP-Shunt-Glutathione,CYP2C8,1
HMP-Shunt-Glutathione,ALOX15B,1
HMP-Shunt-Glutathione,ALOX12B,1
HMP-Shunt-Glutathione,ALOXE3,1
HMP-Shunt-Glutathione,CYP4F3,1
HMP-Shunt-Glutathione,ALOX12,1
HMP-Shunt-Glutathione,PTGS1,1
HMP-Shunt-Glutathione,ALOX5,1
HMP-Shunt-Glutathione,LTA4H,1
HMP-Shunt-Glutathione,LTC4S,1
HMP-Shunt-Glutathione,GGT1,1
HMP-Shunt-Glutathione,PTGIS,1
HMP-Shunt-Glutathione,PTGES3,1
HMP-Shunt-Glutathione,TBXAS1,1
HMP-Shunt-Glutathione,AKR1C3,1
HMP-Shunt-Glutathione,HPGDS,1
HMP-Shunt-Glutathione,CBR1,1
HMP-Shunt-Glutathione,PRXL2B,1
HMP-Shunt-Glutathione,CYP2C19,1
HMP-Shunt-Glutathione,CYP4F8,1
HMP-Shunt-Glutathione,PTGR2,1
ETC,TNNC1,1
ETC,TNNT2,1
ETC,ACTC1,1
ETC,SLC9A6,1
ETC,CASQ2,1
FA-Synthesis,CTSC,1
FA-Synthesis,NAPSA,1
FA-Synthesis,LGMN,1
FA-Synthesis,TPP1,1
FA-Synthesis,GBA1,1
FA-Synthesis,MANBA,1
FA-Synthesis,MAN2B1,1
FA-Synthesis,NAGA,1
FA-Synthesis,NEU1,1
FA-Synthesis,GALC,1
FA-Synthesis,NAGLU,1
FA-Synthesis,IDUA,1
FA-Synthesis,FUCA1,1
FA-Synthesis,ARSG,1
FA-Synthesis,GNS,1
FA-Synthesis,IDS,1
FA-Synthesis,SGSH,1
FA-Synthesis,GALNS,1
FA-Synthesis,LIPA,1
FA-Synthesis,PLA2G15,1
FA-Synthesis,DNASE2,1
FA-Synthesis,ACP2,1
FA-Synthesis,ASAH1,1
FA-Synthesis,AGA,1
FA-Synthesis,GNPTAB,1
FA-Synthesis,GM2A,1
FA-Synthesis,PSAP,1
FA-Synthesis,LAMP3,1
FA-Synthesis,SCARB2,1
FA-Synthesis,CTNS,1
FA-Synthesis,SLC17A5,1
FA-Synthesis,LAPTM4B,1
FA-Synthesis,ABCB9,1
FA-Synthesis,ABCA2,1
FA-Synthesis,NPC2,1
FA-Synthesis,CLN3,1
FA-Synthesis,CLN5,1
FA-Synthesis,CD164,1
FA-Synthesis,ENTPD4,1
FA-Synthesis,MFSD8,1
FA-Synthesis,HGSNAT,1
FA-Synthesis,IGF2R,1
FA-Synthesis,NAGPA,1
FA-Synthesis,AP1M2,1
FA-Synthesis,AP3S2,1
FA-Synthesis,GGA2,1
FA-Synthesis,ACP5,1
FA-Synthesis,AP4B1,1
FA-Synthesis,HYAL4,1
FA-Synthesis,SUMF1,1
FA-Synthesis,MCOLN1,1
FA-Synthesis,LITAF,1
FA-Synthesis,WDR7,1
FA-Synthesis,NCOA7,1
FA-Oxidation,GADL1,1
FA-Oxidation,SLC7A11,1
FA-Oxidation,VDAC2,1
FA-Oxidation,CP,1
FA-Oxidation,STEAP3,1
FA-Oxidation,PCBP1,1
FA-Oxidation,SLC40A1,1
FA-Oxidation,PCBP2,1
FA-Oxidation,ATG7,1
FA-Oxidation,SLC39A14,1
FA-Oxidation,NCOA4,1
FA-Oxidation,FTMT,1
FA-Oxidation,LPCAT3,1
Ketosis,IDI1,1
Ketosis,MVD,1
Ketosis,GGPS1,1
Ketosis,NUS1,1
Ketosis,PDSS1,1
Ketosis,CHURC1-FNTB,1
Ketosis,RCE1,1
Ketosis,ICMT,1
Ketosis,PCYOX1,1
Ketosis,ZMPSTE24,1
Ketosis,PLAAT3,1
Ketosis,ELOVL6,1
Ketosis,ELOVL1,1
Ketosis,ELOVL5,1
Ketosis,FADS1,1
Ketosis,ELOVL4,1
Various-Metabolites,PAH,1
Various-Metabolites,HPD,1
Various-Metabolites,MIF,1
Various-Metabolites,PNMT,1
Various-Metabolites,DBH,1
Various-Metabolites,FAHD1,1
Various-Metabolites,GSTZ1,1
Various-Metabolites,HGD,1
Various-Metabolites,FAH,1
Various-Metabolites,NPC1L1,1
Various-Metabolites,CEL,1
Various-Metabolites,MOGAT3,1
Various-Metabolites,DGAT2,1
Various-Metabolites,MTTP,1
Various-Metabolites,CLPS,1
Various-Metabolites,FABP2,1
Various-Metabolites,GOT2,1
Glycogenesis,CXCR6,1
Glycogenesis,CCL26,1
Glycogenesis,FGR,1
Glycogenesis,ELMO1,1
Glycogenesis,GRK7,1
Glycogenesis,ITK,1
Glycogenesis,WAS,1
Glycogenesis,DOCK2,1
Glycogenesis,PREX1,1
Glycogenesis,GPR161,1
Glycogenesis,CUL1,1
Glycogenesis,IHH,1
Glycogenesis,EVC2,1
Glycogenesis,KIF3A,1
Glycogenesis,SPOPL,1
Glycogenesis,CUL3,1
Glycogenesis,MEGF8,1
Glycogenesis,MGRN1,1
Glycogenesis,MOSMO,1
Glycogenesis,HHAT,1
Glycogenesis,EFCAB7,1
Glycogenesis,IQCE,1
Glycogenesis,HHATL,1
Glycogenesis,DISP1,1
Glycogenesis,SCUBE2,1
Glycogenesis,CSN2,1
Glycogenesis,ELF5,1
Glycogenesis,CISH,1
Glycogenesis,TNFSF11,1
Glycogenesis,TNFRSF11A,1
Glycogenesis,CARD11,1
Glycogenesis,CR2,1
Glycogenesis,CD81,1
Glycogenesis,IFITM1,1
Glycogenesis,FCGR2B,1
Glycogenesis,PLCG2,1
Glycogenesis,BLNK,1
Glycogenesis,BTK,1
Glycogenesis,CD79B,1
Glycogenesis,CD79A,1
Glycogenesis,CD72,1
Glycogenesis,CD22,1
Glycogenesis,DAPP1,1
Glycogenesis,NRG2,1
Glycogenesis,NRG1,1
Glycogenesis,EREG,1
Glycogenesis,BTC,1
Glycogenesis,NRG4,1
Glycogenesis,AREG,1
Glycogenesis,TAB3,1
Glycogenesis,TAB2,1
Glycogenesis,IL25,1
Glycogenesis,IL17RA,1
Glycogenesis,IL17RB,1
Glycogenesis,IL17A,1
Glycogenesis,IL17F,1
Glycogenesis,IL17C,1
Glycogenesis,IL17RE,1
Glycogenesis,IL17B,1
Glycogenesis,TRAF3IP2,1
Glycogenesis,IL17RC,1
Glycogenesis,TRAF5,1
Glycogenesis,SRSF1,1
Glycogenesis,IL17D,1
Glycogenesis,CCL7,1
Glycogenesis,CCL20,1
Glycogenesis,DEFB4B,1
Glycogenesis,MUC5AC,1
Glycogenesis,MMP13,1
Glycogenesis,IL4,1
Glycogenesis,IL5,1
Glycogenesis,IL13,1
Glycogenesis,CCL17,1
Glycogenesis,ANAPC5,1
Glycogenesis,USP25,1
Glycogenesis,CCL11,1
Glycogenesis,LCN2,1
Glycogenesis,CXCL6,1
Glycogenesis,CXCL10,1
Glycogenesis,MUC5B,1
Glycogenesis,S100A7A,1
Glycogenesis,S100A8,1
Glycogenesis,S100A9,1
Glycogenesis,TRAF4,1
Glycogenesis,SRD5A2,1
Glycogenesis,EDNRB,1
Glycogenesis,ASIP,1
Glycogenesis,GNAO1,1
Glycogenesis,MAP3K8,1
Glycogenesis,ICOS,1
Glycogenesis,GRAP2,1
Glycogenesis,CD3E,1
Glycogenesis,CD247,1
Glycogenesis,CD3G,1
Glycogenesis,CBLB,1
Glycogenesis,CTLA4,1
Glycogenesis,PDCD1,1
Glycogenesis,NTRK3,1
Glycogenesis,NTF4,1
Glycogenesis,NTF3,1
Glycogenesis,NGF,1
Glycogenesis,KIDINS220,1
Glycogenesis,MATK,1
Glycogenesis,ARHGDIA,1
Glycogenesis,SH2B3,1
Glycogenesis,TP73,1
Glycogenesis,ZNF274,1
Glycogenesis,MAGED1,1
Glycogenesis,PRDM4,1
Glycogenesis,BEX3,1
Glycogenesis,IRAK3,1
Glycogenesis,POU1F1,1
Glycogenesis,JUNB,1
Glycogenesis,IGFALS,1
Glycogenesis,MRAP2,1
Glycogenesis,FZR1,1
Glycogenesis,MCM2,1
Glycogenesis,ORC6,1
Glycogenesis,ORC3,1
Glycogenesis,ORC5,1
Glycogenesis,ORC4,1
Glycogenesis,ORC2,1
Glycogenesis,ORC1,1
Glycogenesis,MCM7,1
Glycogenesis,MCM6,1
Glycogenesis,MCM5,1
Glycogenesis,MCM4,1
Glycogenesis,MCM3,1
Glycogenesis,PCNA,1
Glycogenesis,PLK1,1
Glycogenesis,DBF4,1
Glycogenesis,MAD2L2,1
Glycogenesis,BUB1,1
Glycogenesis,CDC14B,1
Glycogenesis,SFN,1
Glycogenesis,PRKDC,1
Glycogenesis,PKMYT1,1
Glycogenesis,WEE2,1
Glycogenesis,SMC1B,1
Glycogenesis,CDC7,1
Glycogenesis,CDC45,1
Glycogenesis,CDC6,1
Glycogenesis,CCNB3,1
Glycogenesis,CDK7,1
Glycogenesis,CCNH,1
Glycogenesis,TTK,1
Glycogenesis,SMC3,1
Glycogenesis,STAG1,1
Glycogenesis,RAD21,1
Glycogenesis,E2F4,1
Glycogenesis,TFDP1,1
Glycogenesis,GIT2,1
Glycogenesis,ARHGEF7,1
Glycogenesis,MEFV,1
Glycogenesis,LIMK1,1
Glycogenesis,ITGA4,1
Glycogenesis,SKAP2,1
Glycogenesis,IRAK4,1
Glycogenesis,TLR7,1
Glycogenesis,RIGI,1
Glycogenesis,IFIH1,1
Glycogenesis,MAVS,1
Glycogenesis,OAS1,1
Glycogenesis,MSN,1
Glycogenesis,CLEC4M,1
Glycogenesis,CD46,1
Glycogenesis,SLAMF1,1
Glycogenesis,EIF3H,1
Glycogenesis,RACK1,1
Glycogenesis,EIF2AK1,1
Glycogenesis,RCHY1,1
Glycogenesis,ADAR,1
Glycogenesis,LIF,1
Glycogenesis,KLF4,1
Glycogenesis,TBX3,1
Glycogenesis,INHBA,1
Glycogenesis,ACVR1C,1
Glycogenesis,NANOGP8,1
Glycogenesis,POU5F1,1
Glycogenesis,SOX2,1
Glycogenesis,FGF2,1
Glycogenesis,HESX1,1
Glycogenesis,ZIC3,1
Glycogenesis,ESRRB,1
Glycogenesis,LEFTY1,1
Glycogenesis,SKIL,1
Glycogenesis,SMARCAD1,1
Glycogenesis,KAT6A,1
Glycogenesis,SETDB1,1
Glycogenesis,JARID2,1
Glycogenesis,RIF1,1
Glycogenesis,HOXA1,1
Glycogenesis,LHX5,1
Glycogenesis,OTX1,1
Glycogenesis,NEUROG1,1
Glycogenesis,HAND1,1
Glycogenesis,DLX5,1
Glycogenesis,MYF5,1
Glycogenesis,ISL1,1
Glycogenesis,ZFHX3,1
Glycogenesis,ESX1,1
Glycogenesis,DUSP9,1
Glycogenesis,NODAL,1
Glycogenesis,CDX2,1
Glycogenesis,FGFR2,1
Glycogenesis,REG4,1
Glycogenesis,CDH17,1
Glycogenesis,LPIN1,1
Glycogenesis,SGK1,1
Glycogenesis,RRAGD,1
Glycogenesis,NPRL2,1
Glycogenesis,RNF152,1
Glycogenesis,MIOS,1
Glycogenesis,SESN2,1
Glycogenesis,SLC38A9,1
Glycogenesis,LAMTOR5,1
Glycogenesis,GRB10,1
Glycogenesis,FNIP2,1
Glycogenesis,DEPTOR,1
Glycogenesis,TTI1,1
Glycogenesis,TELO2,1
Glycogenesis,PRR5,1
Glycogenesis,RICTOR,1
Glycogenesis,MAPKAP1,1
Glycogenesis,CLIP1,1
Glycogenesis,CASTOR2,1
Glycogenesis,CASTOR1,1
Glycogenesis,PIAS1,1
Glycogenesis,RNASEL,1
Glycogenesis,IFIT1,1
Glycogenesis,EIF3E,1
Glycogenesis,PSME3,1
Glycogenesis,RSAD2,1
Glycogenesis,WWC1,1
Glycogenesis,NF2,1
Glycogenesis,FRMD6,1
Glycogenesis,SAV1,1
Glycogenesis,STK3,1
Glycogenesis,YAP1,1
Glycogenesis,LATS2,1
Glycogenesis,CRB1,1
Glycogenesis,CCN2,1
Glycogenesis,TP53BP2,1
Glycogenesis,MOB1A,1
Glycogenesis,AMOT,1
Glycogenesis,TEAD1,1
Glycogenesis,ITGB2,1
Glycogenesis,SMAD7,1
Glycogenesis,WWTR1,1
Glycogenesis,NKD1,1
Glycogenesis,SNAI2,1
Glycogenesis,GDF7,1
Glycogenesis,RASSF6,1
Glycogenesis,GLI2,1
Glycogenesis,AFP,1
Glycogenesis,DCHS2,1
Glycogenesis,FAT4,1
Glycogenesis,RASSF4,1
Glycogenesis,WNT5A,1
Glycogenesis,PRICKLE1,1
Glycogenesis,GPC4,1
Glycogenesis,VANGL2,1
Glycogenesis,WNT11,1
Glycogenesis,TLE7,1
Glycogenesis,SOX17,1
Glycogenesis,RUVBL1,1
Glycogenesis,CHD8,1
Glycogenesis,CTNNBIP1,1
Glycogenesis,TBL1X,1
Glycogenesis,CACYBP,1
Glycogenesis,SIAH1,1
Glycogenesis,SENP2,1
Glycogenesis,CXXC4,1
Glycogenesis,WIF1,1
Glycogenesis,CER1,1
Glycogenesis,FRZB,1
Glycogenesis,PORCN,1
Glycogenesis,BAMBI,1
Glycogenesis,SOST,1
Glycogenesis,SERPINF1,1
Glycogenesis,INVS,1
Glycogenesis,NOTUM,1
Glycogenesis,CCN4,1
Glycogenesis,ROR1,1
Glycogenesis,RYK,1
Glycogenesis,RNF43,1
Glycogenesis,ZNRF3,1
Glycogenesis,LGR4,1
Glycogenesis,RSPO1,1
Glycogenesis,CBY1,1
Glycogenesis,CTNND2,1
Glycogenesis,APCDD1,1
Glycogenesis,CCDC88C,1
Glycogenesis,IGF2,1
Glycogenesis,ARID1B,1
Glycogenesis,SMARCB1,1
Glycogenesis,SMARCC1,1
Glycogenesis,SMARCA2,1
Glycogenesis,ARID2,1
Glycogenesis,PHF10,1
Glycogenesis,SMARCD1,1
Glycogenesis,SMARCE1,1
Glycogenesis,PBRM1,1
Glycogenesis,BRD7,1
Glycogenesis,NFATC2,1
Glycogenesis,NTNG1,1
Glycogenesis,NTN4,1
Glycogenesis,SLIT3,1
Glycogenesis,SLIT2,1
Glycogenesis,SLIT1,1
Glycogenesis,RASA1,1
Glycogenesis,ROBO3,1
Glycogenesis,ROBO1,1
Glycogenesis,NGEF,1
Glycogenesis,UNC5D,1
Glycogenesis,EPHA2,1
Glycogenesis,LRRC4C,1
Glycogenesis,ROBO2,1
Glycogenesis,NTN3,1
Glycogenesis,EFNB1,1
Glycogenesis,EPHB1,1
Glycogenesis,SEMA7A,1
Glycogenesis,NTN1,1
Glycogenesis,RGS3,1
Glycogenesis,PLXNC1,1
Glycogenesis,PLXNB2,1
Glycogenesis,PLXNA1,1
Glycogenesis,SEMA3A,1
Glycogenesis,SEMA6C,1
Glycogenesis,SEMA4F,1
Glycogenesis,SEMA5B,1
Glycogenesis,SRGAP2,1
Glycogenesis,L1CAM,1
Glycogenesis,NCK2,1
Glycogenesis,LRRC4,1
Glycogenesis,NTNG2,1
Glycogenesis,BMP7,1
Glycogenesis,BMPR1B,1
Glycogenesis,DPYSL2,1
Glycogenesis,RHOD,1
Glycogenesis,DPYSL5,1
Glycogenesis,RND1,1
Glycogenesis,FES,1
Glycogenesis,CFL1,1
Glycogenesis,SSH1,1
Glycogenesis,ENAH,1
Glycogenesis,BOC,1
Glycogenesis,ABLIM3,1
Glycogenesis,NEO1,1
Glycogenesis,RGMA,1
Glycogenesis,LRIG2,1
Glycogenesis,CCR1,1
Glycogenesis,CD200R1,1
Glycogenesis,ATG3,1
Glycogenesis,ANGPT2,1
Glycogenesis,HCK,1
Glycogenesis,CLEC2B,1
Glycogenesis,MICA,1
Glycogenesis,PARVB,1
Glycogenesis,VASP,1
Glycogenesis,ZYX,1
Glycogenesis,CAPN2,1
Glycogenesis,ARHGAP35,1
Glycogenesis,LBP,1
Glycogenesis,ABCG1,1
Glycogenesis,CCL3L3,1
Glycogenesis,CASP6,1
Glycogenesis,POU2F3,1
Glycogenesis,SELP,1
Glycogenesis,MIB2,1
Glycogenesis,ERO1A,1
Glycogenesis,TAP1,1
Glycogenesis,TAPBP,1
Glycogenesis,CCL4L1,1
Glycogenesis,CX3CL1,1
Glycogenesis,IL10RA,1
Glycogenesis,CXCR2,1
Glycogenesis,AKAP13,1
Glycogenesis,PDIA3,1
Urea-Cycle,HSPB1,1
Urea-Cycle,CD1A,1
Urea-Cycle,SERPINB6,1
Urea-Cycle,UMPS,1
Urea-Cycle,CMPK2,1
Urea-Cycle,CTPS1,1
Urea-Cycle,UCKL1,1
Urea-Cycle,UPP2,1
Urea-Cycle,CDA,1
Urea-Cycle,DCTPP1,1
Urea-Cycle,DCTD,1
Urea-Cycle,DTYMK,1
Urea-Cycle,TK1,1
Urea-Cycle,TYMP,1
Urea-Cycle,TYMS,1
Urea-Cycle,DHODH,1
Urea-Cycle,DUT,1
Urea-Cycle,ASMTL,1
Urea-Cycle,NT5C3B,1
Urea-Cycle,MEF2A,1
Urea-Cycle,NOX1,1
Urea-Cycle,CDH5,1
Urea-Cycle,PECAM1,1
Urea-Cycle,KDR,1
Urea-Cycle,NPPC,1
Urea-Cycle,THBD,1
Urea-Cycle,CTSL,1
Urea-Cycle,SUMO4,1
Urea-Cycle,PIAS4,1
Urea-Cycle,GPC1,1
Urea-Cycle,TRPV4,1
